Frecuencia,Glifo Poli Cu D 0.1v2,Glifo Poli Cu D 0.08v2,Glifo Poli Cu D 0.04v2,Glifo Poli Cu D 0.02v2,Glifo Poli Cu D 0.01v2,Poli Cu D Agua V2,KCl Poli Cu D 0.1v2,KCl Poli Cu D 0.08v2,KCl Poli Cu D 0.04v2,KCl Poli Cu D 0.02v2,KCl Poli Cu D 0.01v2
300000,-12.70418,-11.17261,-5.73371,-2.7621,-1.42429,0.51161,-16.52469,-11.26501,-5.3118,-2.50359,-1.03694
1.70E+06,-13.10278,-11.38405,-5.97448,-3.0302,-1.71996,0.17415,-19.54869,-13.46258,-6.19856,-3.0812,-1.46303
3.10E+06,-13.17972,-11.47311,-6.03293,-3.07999,-1.77536,0.11291,-20.13071,-13.8671,-6.3512,-3.16713,-1.53416
4.50E+06,-13.16646,-11.44392,-6.04647,-3.10904,-1.80492,0.06796,-20.63362,-14.14584,-6.45225,-3.22717,-1.56401
5.90E+06,-13.20233,-11.47207,-6.06408,-3.11884,-1.83188,0.05017,-20.65549,-14.22349,-6.48021,-3.24572,-1.59046
7.30E+06,-13.18507,-11.48362,-6.07933,-3.13352,-1.84918,0.03666,-20.67135,-14.36872,-6.53878,-3.27673,-1.61796
8.70E+06,-13.15909,-11.46852,-6.07819,-3.14607,-1.86235,0.02262,-20.55454,-14.35445,-6.55678,-3.2932,-1.62923
1.01E+07,-13.13517,-11.46028,-6.08519,-3.16141,-1.87931,0.0108,-20.54194,-14.38225,-6.58542,-3.30582,-1.64703
1.15E+07,-13.10429,-11.43364,-6.0807,-3.16062,-1.87805,0.01396,-20.44452,-14.41721,-6.58189,-3.31678,-1.64889
1.29E+07,-13.06589,-11.38599,-6.07734,-3.16526,-1.88131,0.01089,-20.27336,-14.39345,-6.58533,-3.3136,-1.64966
1.43E+07,-13.0159,-11.36806,-6.06485,-3.15983,-1.8847,0.00968,-20.09787,-14.36,-6.57029,-3.3094,-1.64688
1.57E+07,-12.97897,-11.33625,-6.06125,-3.1584,-1.88267,0.01366,-19.94195,-14.32521,-6.57691,-3.31214,-1.65073
1.71E+07,-12.93205,-11.30744,-6.04857,-3.16242,-1.88261,0.00914,-19.71037,-14.2546,-6.57322,-3.30957,-1.65012
1.85E+07,-12.88083,-11.2827,-6.0527,-3.16784,-1.8912,-0.00122,-19.51967,-14.21962,-6.57132,-3.32061,-1.65992
1.99E+07,-12.81691,-11.23243,-6.04438,-3.17466,-1.90033,-0.00781,-19.3097,-14.17336,-6.56769,-3.31675,-1.66857
2.13E+07,-12.7536,-11.18242,-6.04508,-3.1734,-1.89923,-0.01178,-19.06648,-14.10335,-6.55357,-3.31892,-1.66963
2.27E+07,-12.7008,-11.15316,-6.02151,-3.16607,-1.89179,-0.00665,-18.86169,-14.02678,-6.54929,-3.31594,-1.66612
2.41E+07,-12.6407,-11.11563,-6.01495,-3.16427,-1.89511,-0.0067,-18.60138,-13.94235,-6.53051,-3.31268,-1.66338
2.55E+07,-12.56351,-11.05139,-5.99763,-3.15401,-1.88708,-0.00487,-18.4098,-13.86541,-6.5185,-3.30583,-1.66266
2.69E+07,-12.49196,-10.99451,-5.98534,-3.1546,-1.88943,-0.00997,-18.16515,-13.78809,-6.49921,-3.3042,-1.66087
2.83E+07,-12.4428,-10.96642,-5.97607,-3.15895,-1.89215,-0.014,-17.9254,-13.68925,-6.48613,-3.29649,-1.66116
2.97E+07,-12.34598,-10.90337,-5.95406,-3.14198,-1.88434,-0.01322,-17.7259,-13.60294,-6.47214,-3.29263,-1.6575
3.11E+07,-12.2814,-10.85047,-5.93549,-3.14182,-1.88764,-0.01387,-17.47755,-13.50859,-6.45198,-3.28268,-1.65579
3.25E+07,-12.19934,-10.79581,-5.92498,-3.13408,-1.88237,-0.01278,-17.27217,-13.43273,-6.43759,-3.28198,-1.65795
3.39E+07,-12.1135,-10.7352,-5.90794,-3.12642,-1.87371,-0.01257,-17.05535,-13.32166,-6.41064,-3.2691,-1.64668
3.53E+07,-12.0422,-10.67019,-5.87401,-3.1181,-1.87365,-0.01793,-16.80519,-13.2018,-6.38803,-3.25689,-1.64038
3.67E+07,-11.96737,-10.61445,-5.86612,-3.11398,-1.86894,-0.0157,-16.60961,-13.1042,-6.36499,-3.25499,-1.64319
3.81E+07,-11.87477,-10.54469,-5.84346,-3.10356,-1.86648,-0.01994,-16.3819,-12.99976,-6.34507,-3.24539,-1.63895
3.95E+07,-11.7818,-10.48101,-5.81515,-3.09383,-1.85697,-0.0185,-16.19424,-12.91226,-6.33065,-3.23817,-1.63939
4.09E+07,-11.69836,-10.41066,-5.79392,-3.08715,-1.85391,-0.01995,-15.97985,-12.80064,-6.30435,-3.232,-1.6391
4.23E+07,-11.63118,-10.34796,-5.77703,-3.0795,-1.8527,-0.02387,-15.79067,-12.69618,-6.272,-3.22206,-1.63433
4.37E+07,-11.53852,-10.29402,-5.75455,-3.07383,-1.8525,-0.02934,-15.59086,-12.59281,-6.25121,-3.2142,-1.63013
4.51E+07,-11.4406,-10.21336,-5.72492,-3.06443,-1.84677,-0.03155,-15.39926,-12.47613,-6.22447,-3.20005,-1.62298
4.65E+07,-11.35857,-10.1477,-5.70254,-3.04821,-1.84063,-0.03478,-15.19734,-12.36475,-6.19859,-3.18839,-1.61537
4.79E+07,-11.26146,-10.07272,-5.67359,-3.03635,-1.83324,-0.03106,-14.99726,-12.26144,-6.17191,-3.18197,-1.61902
4.93E+07,-11.16944,-9.99971,-5.64099,-3.02548,-1.82073,-0.02847,-14.83979,-12.15088,-6.13841,-3.16723,-1.60899
5.07E+07,-11.08606,-9.93172,-5.61643,-3.01596,-1.81834,-0.03786,-14.65327,-12.03582,-6.10766,-3.15674,-1.60332
5.21E+07,-10.99206,-9.85678,-5.59157,-3.00628,-1.81304,-0.03735,-14.46508,-11.91893,-6.07395,-3.14134,-1.5959
5.35E+07,-10.89834,-9.78369,-5.56412,-2.99142,-1.80688,-0.03917,-14.27567,-11.81173,-6.04279,-3.12814,-1.59236
5.49E+07,-10.81719,-9.71823,-5.53016,-2.98316,-1.79867,-0.03993,-14.10964,-11.70815,-6.01012,-3.11074,-1.58204
5.63E+07,-10.72042,-9.63424,-5.49778,-2.96745,-1.79317,-0.04266,-13.93538,-11.59406,-5.97787,-3.09698,-1.57844
5.77E+07,-10.63058,-9.57059,-5.47206,-2.95314,-1.78028,-0.04413,-13.77166,-11.49569,-5.94449,-3.08181,-1.57317
5.91E+07,-10.52685,-9.48688,-5.43464,-2.93376,-1.77057,-0.03921,-13.60887,-11.37414,-5.91055,-3.06875,-1.56935
6.05E+07,-10.44975,-9.42027,-5.40696,-2.92527,-1.76581,-0.04453,-13.453,-11.26232,-5.87424,-3.05394,-1.55633
6.19E+07,-10.35053,-9.33543,-5.37118,-2.90807,-1.75631,-0.04475,-13.29585,-11.16746,-5.84228,-3.04029,-1.5519
6.33E+07,-10.2715,-9.27839,-5.34709,-2.9008,-1.75208,-0.04907,-13.14797,-11.05574,-5.80468,-3.02204,-1.54315
6.47E+07,-10.18093,-9.18838,-5.30901,-2.87753,-1.73844,-0.04712,-12.99864,-10.95187,-5.77551,-3.01018,-1.54028
6.61E+07,-10.0801,-9.11749,-5.2725,-2.86403,-1.72995,-0.0457,-12.85407,-10.84931,-5.74401,-2.99591,-1.53605
6.75E+07,-9.98315,-9.04296,-5.23649,-2.84461,-1.71792,-0.04472,-12.70314,-10.74612,-5.70442,-2.976,-1.52524
6.89E+07,-9.91168,-8.97986,-5.20798,-2.83651,-1.71612,-0.0502,-12.53587,-10.63755,-5.66183,-2.95471,-1.51035
7.03E+07,-9.81482,-8.89696,-5.17577,-2.81829,-1.70401,-0.0499,-12.40973,-10.54138,-5.62768,-2.94267,-1.50785
7.17E+07,-9.73164,-8.83701,-5.14912,-2.80739,-1.69907,-0.05557,-12.27852,-10.43313,-5.58824,-2.91969,-1.49893
7.31E+07,-9.64384,-8.75266,-5.10723,-2.78961,-1.68952,-0.05527,-12.14119,-10.34435,-5.55799,-2.9124,-1.50018
7.45E+07,-9.5553,-8.68357,-5.07504,-2.77248,-1.67884,-0.05751,-11.98696,-10.24383,-5.51435,-2.89097,-1.49033
7.59E+07,-9.47,-8.61368,-5.04143,-2.75885,-1.67413,-0.06363,-11.87252,-10.13379,-5.48573,-2.87978,-1.4859
7.73E+07,-9.38688,-8.54075,-5.00743,-2.74755,-1.66615,-0.06444,-11.74488,-10.03711,-5.44709,-2.86167,-1.47651
7.87E+07,-9.30312,-8.46607,-4.9716,-2.72196,-1.65267,-0.06052,-11.61385,-9.94763,-5.4092,-2.84736,-1.4706
8.01E+07,-9.20596,-8.38291,-4.92772,-2.70651,-1.63863,-0.06142,-11.48763,-9.85563,-5.37544,-2.82987,-1.45907
8.15E+07,-9.13669,-8.32898,-4.90801,-2.69277,-1.63681,-0.06799,-11.35446,-9.75984,-5.33554,-2.81299,-1.45522
8.29E+07,-9.05224,-8.24646,-4.86833,-2.68165,-1.63307,-0.06988,-11.24471,-9.67208,-5.31004,-2.79839,-1.45308
8.43E+07,-8.96223,-8.17697,-4.83611,-2.66498,-1.61873,-0.07166,-11.12173,-9.5711,-5.26593,-2.78258,-1.44287
8.57E+07,-8.89199,-8.11685,-4.80323,-2.64835,-1.61477,-0.07607,-11.00282,-9.48806,-5.23406,-2.76286,-1.44094
8.71E+07,-8.81265,-8.05136,-4.77636,-2.64619,-1.61626,-0.08945,-10.90032,-9.39504,-5.20154,-2.75179,-1.43787
8.85E+07,-8.74091,-7.98689,-4.75495,-2.63767,-1.61675,-0.10034,-10.77462,-9.3081,-5.1623,-2.74081,-1.4319
8.99E+07,-8.67784,-7.92053,-4.72709,-2.61883,-1.60056,-0.10404,-10.65484,-9.23935,-5.13924,-2.72258,-1.42513
9.13E+07,-8.58846,-7.86371,-4.69659,-2.61814,-1.60663,-0.11693,-10.53601,-9.12181,-5.09542,-2.70708,-1.42804
9.27E+07,-8.52225,-7.7959,-4.67916,-2.60786,-1.61374,-0.13058,-10.44964,-9.04898,-5.07274,-2.71352,-1.43505
9.41E+07,-8.45917,-7.74143,-4.66302,-2.61105,-1.62559,-0.14752,-10.33317,-8.95817,-5.04859,-2.70772,-1.44146
9.55E+07,-8.43126,-7.72778,-4.67149,-2.64315,-1.65304,-0.18583,-10.22102,-8.87756,-5.02013,-2.6992,-1.45034
9.69E+07,-8.39959,-7.70306,-4.65561,-2.64531,-1.65643,-0.20577,-10.13983,-8.83075,-5.02823,-2.72516,-1.49111
9.83E+07,-8.31664,-7.62704,-4.60216,-2.60953,-1.63305,-0.18567,-10.09928,-8.81073,-5.05343,-2.76937,-1.54031
9.97E+07,-8.25188,-7.56854,-4.57658,-2.60387,-1.63138,-0.20066,-10.08514,-8.82262,-5.08684,-2.80251,-1.58576
1.01E+08,-8.21173,-7.53915,-4.56388,-2.61359,-1.65095,-0.22673,-10.06398,-8.79936,-5.06893,-2.79365,-1.57048
1.03E+08,-8.17525,-7.51823,-4.56241,-2.62166,-1.65615,-0.25302,-10.00179,-8.74181,-5.02071,-2.75297,-1.52029
1.04E+08,-8.12186,-7.46498,-4.51302,-2.5881,-1.62691,-0.23584,-9.89663,-8.63072,-4.93187,-2.69113,-1.4598
1.05E+08,-8.02178,-7.37594,-4.4492,-2.53641,-1.58705,-0.20346,-9.77836,-8.52145,-4.86479,-2.63578,-1.42199
1.07E+08,-7.94282,-7.29615,-4.39574,-2.49472,-1.55335,-0.17614,-9.67044,-8.42052,-4.80125,-2.58806,-1.38606
1.08E+08,-7.84945,-7.21856,-4.33962,-2.45437,-1.52184,-0.15733,-9.54174,-8.31169,-4.7344,-2.5412,-1.35639
1.10E+08,-7.76288,-7.13545,-4.29597,-2.42956,-1.49842,-0.14394,-9.44839,-8.2409,-4.69159,-2.52422,-1.34272
1.11E+08,-7.68755,-7.05791,-4.24973,-2.39733,-1.47875,-0.13432,-9.35056,-8.14813,-4.64694,-2.49762,-1.32798
1.12E+08,-7.61352,-6.98863,-4.20599,-2.37073,-1.46299,-0.12811,-9.26047,-8.06563,-4.60889,-2.47104,-1.3141
1.14E+08,-7.53867,-6.93103,-4.17536,-2.35023,-1.45362,-0.12462,-9.16083,-7.98392,-4.5588,-2.44243,-1.30128
1.15E+08,-7.46454,-6.86407,-4.14251,-2.33426,-1.43537,-0.12029,-9.07344,-7.90607,-4.52179,-2.42662,-1.29297
1.17E+08,-7.40058,-6.80034,-4.10014,-2.31422,-1.42195,-0.11638,-8.97242,-7.82693,-4.47442,-2.39998,-1.2782
1.18E+08,-7.32624,-6.73728,-4.05939,-2.28868,-1.40524,-0.11406,-8.88846,-7.74728,-4.43375,-2.38342,-1.26496
1.19E+08,-7.26534,-6.67497,-4.03045,-2.2729,-1.40361,-0.1118,-8.79871,-7.66781,-4.40264,-2.35925,-1.25528
1.21E+08,-7.18337,-6.61893,-3.98707,-2.24808,-1.37987,-0.10609,-8.72174,-7.6095,-4.36722,-2.35371,-1.2519
1.22E+08,-7.12351,-6.55111,-3.96206,-2.23838,-1.37398,-0.1095,-8.63499,-7.54134,-4.3412,-2.33038,-1.24495
1.24E+08,-7.0629,-6.49541,-3.92121,-2.21251,-1.35856,-0.10593,-8.54106,-7.46292,-4.28031,-2.2974,-1.22355
1.25E+08,-6.99297,-6.42744,-3.87733,-2.1894,-1.34498,-0.1018,-8.46301,-7.38735,-4.24619,-2.28178,-1.21272
1.26E+08,-6.93932,-6.37978,-3.8513,-2.17835,-1.33989,-0.10668,-8.39073,-7.3192,-4.21373,-2.27119,-1.20539
1.28E+08,-6.86802,-6.32034,-3.81216,-2.15264,-1.32201,-0.10028,-8.30402,-7.24388,-4.17132,-2.23603,-1.18944
1.29E+08,-6.8109,-6.26804,-3.78312,-2.1347,-1.31193,-0.09995,-8.22684,-7.17707,-4.13692,-2.21985,-1.1768
1.31E+08,-6.75443,-6.2173,-3.76065,-2.1288,-1.30545,-0.10359,-8.14278,-7.10618,-4.09275,-2.19359,-1.16078
1.32E+08,-6.69632,-6.16979,-3.73251,-2.11355,-1.30442,-0.10948,-8.0799,-7.04547,-4.06604,-2.17998,-1.15275
1.33E+08,-6.63392,-6.10793,-3.68889,-2.08577,-1.27651,-0.09494,-8.01246,-6.99386,-4.03981,-2.17373,-1.15793
1.35E+08,-6.57301,-6.05592,-3.65161,-2.06718,-1.26754,-0.09231,-7.94508,-6.93216,-4.00685,-2.15647,-1.15451
1.36E+08,-6.52046,-6.0017,-3.62527,-2.0525,-1.25916,-0.09706,-7.85917,-6.86633,-3.96274,-2.12706,-1.12685
1.38E+08,-6.45782,-5.9501,-3.59384,-2.03754,-1.23837,-0.08698,-7.79633,-6.80672,-3.93478,-2.11466,-1.12725
1.39E+08,-6.40008,-5.9008,-3.56374,-2.01956,-1.23638,-0.08944,-7.7268,-6.7448,-3.89853,-2.09892,-1.11565
1.40E+08,-6.34894,-5.84338,-3.53151,-1.99774,-1.22317,-0.08679,-7.65884,-6.69238,-3.86879,-2.08034,-1.10628
1.42E+08,-6.29002,-5.79543,-3.49296,-1.97949,-1.20892,-0.08326,-7.59178,-6.63273,-3.84092,-2.06654,-1.1069
1.43E+08,-6.24441,-5.74478,-3.47126,-1.97052,-1.20657,-0.08826,-7.52936,-6.57409,-3.80872,-2.0459,-1.0939
1.45E+08,-6.1907,-5.70598,-3.44883,-1.95741,-1.19903,-0.08916,-7.46939,-6.52574,-3.77899,-2.03831,-1.0929
1.46E+08,-6.14071,-5.65506,-3.41614,-1.94343,-1.18738,-0.08669,-7.4048,-6.46141,-3.74833,-2.01687,-1.07396
1.47E+08,-6.08697,-5.60935,-3.38838,-1.92689,-1.18346,-0.09008,-7.33483,-6.41301,-3.72216,-1.99903,-1.06305
1.49E+08,-6.04385,-5.56915,-3.35707,-1.91715,-1.17388,-0.08935,-7.2836,-6.3607,-3.68803,-1.98761,-1.05616
1.50E+08,-5.99214,-5.52272,-3.33587,-1.90414,-1.16901,-0.09518,-7.21859,-6.29987,-3.65662,-1.9706,-1.0516
1.52E+08,-5.93452,-5.46838,-3.29831,-1.8802,-1.14987,-0.08403,-7.15941,-6.25164,-3.62859,-1.94761,-1.04006
1.53E+08,-5.8952,-5.43321,-3.27743,-1.86888,-1.14608,-0.08675,-7.09363,-6.1957,-3.59968,-1.93876,-1.0313
1.54E+08,-5.84963,-5.39146,-3.25512,-1.85572,-1.14052,-0.09042,-7.04287,-6.1435,-3.57143,-1.91966,-1.02579
1.56E+08,-5.80311,-5.35061,-3.22945,-1.84236,-1.13258,-0.09118,-6.98218,-6.09412,-3.5393,-1.9045,-1.01672
1.57E+08,-5.7466,-5.30083,-3.19883,-1.82341,-1.1165,-0.08383,-6.91714,-6.04153,-3.50791,-1.88519,-1.00854
1.59E+08,-5.70941,-5.26235,-3.1809,-1.81257,-1.11766,-0.09577,-6.86494,-5.99086,-3.4841,-1.87721,-1.00015
1.60E+08,-5.65946,-5.22357,-3.15072,-1.79789,-1.10444,-0.0895,-6.81019,-5.94107,-3.45691,-1.85715,-0.99412
1.61E+08,-5.61459,-5.17036,-3.12403,-1.78119,-1.09503,-0.0884,-6.75861,-5.8975,-3.43308,-1.84938,-0.99254
1.63E+08,-5.57671,-5.14244,-3.11162,-1.78158,-1.09814,-0.10169,-6.70331,-5.85127,-3.40709,-1.8349,-0.98888
1.64E+08,-5.52499,-5.09969,-3.08076,-1.76307,-1.08537,-0.09738,-6.65004,-5.8068,-3.38071,-1.82438,-0.98071
1.66E+08,-5.47987,-5.05062,-3.05534,-1.74126,-1.07145,-0.09061,-6.59916,-5.7611,-3.35726,-1.81043,-0.97721
1.67E+08,-5.44002,-5.018,-3.03249,-1.74023,-1.07382,-0.10107,-6.54711,-5.71073,-3.32518,-1.79819,-0.96861
1.68E+08,-5.39745,-4.97788,-3.01032,-1.72423,-1.0609,-0.09757,-6.49845,-5.66896,-3.30357,-1.78882,-0.96673
1.70E+08,-5.36176,-4.94562,-2.99337,-1.7168,-1.06197,-0.10629,-6.44965,-5.62573,-3.27999,-1.77611,-0.96186
1.71E+08,-5.30919,-4.90192,-2.96434,-1.69964,-1.05271,-0.10313,-6.38866,-5.57586,-3.25299,-1.75907,-0.9522
1.73E+08,-5.27308,-4.86371,-2.94097,-1.68727,-1.04199,-0.10156,-6.35085,-5.53869,-3.23207,-1.75054,-0.95221
1.74E+08,-5.23955,-4.82964,-2.92634,-1.68489,-1.04646,-0.11179,-6.29872,-5.49542,-3.20654,-1.73689,-0.94511
1.75E+08,-5.19308,-4.78978,-2.89879,-1.66777,-1.03259,-0.10942,-6.24803,-5.45133,-3.18085,-1.72438,-0.93929
1.77E+08,-5.15275,-4.75316,-2.87277,-1.65222,-1.02449,-0.10781,-6.19299,-5.40233,-3.15178,-1.71067,-0.9299
1.78E+08,-5.10967,-4.71764,-2.85304,-1.64281,-1.01999,-0.11008,-6.14611,-5.3629,-3.12913,-1.69892,-0.92346
1.80E+08,-5.0796,-4.68546,-2.8315,-1.63304,-1.01339,-0.10967,-6.1065,-5.32362,-3.10774,-1.68931,-0.92014
1.81E+08,-5.0361,-4.64391,-2.81478,-1.61961,-1.006,-0.1119,-6.05863,-5.27738,-3.07972,-1.66969,-0.90941
1.82E+08,-4.99646,-4.60775,-2.78685,-1.60593,-0.996,-0.11065,-6.01102,-5.24137,-3.06494,-1.66352,-0.91103
1.84E+08,-4.96068,-4.57221,-2.77071,-1.60065,-0.99649,-0.11651,-5.96723,-5.19915,-3.03994,-1.652,-0.90514
1.85E+08,-4.92187,-4.53599,-2.74617,-1.58381,-0.98416,-0.11321,-5.91934,-5.15955,-3.01397,-1.63843,-0.89851
1.87E+08,-4.88291,-4.50117,-2.72554,-1.57396,-0.97815,-0.11242,-5.87669,-5.12155,-2.9914,-1.6285,-0.89258
1.88E+08,-4.8512,-4.47414,-2.7078,-1.56771,-0.97965,-0.11826,-5.8272,-5.07955,-2.96748,-1.61629,-0.88768
1.89E+08,-4.81175,-4.44216,-2.6914,-1.56061,-0.97531,-0.1212,-5.78115,-5.03582,-2.93946,-1.59868,-0.87475
1.91E+08,-4.77874,-4.40544,-2.66771,-1.54506,-0.96278,-0.11903,-5.73714,-4.99445,-2.91858,-1.58664,-0.86907
1.92E+08,-4.74704,-4.37778,-2.65468,-1.54046,-0.96365,-0.12656,-5.70021,-4.96018,-2.89867,-1.57736,-0.86729
1.94E+08,-4.70927,-4.34154,-2.63061,-1.52572,-0.95301,-0.12522,-5.65735,-4.9225,-2.87776,-1.56713,-0.86181
1.95E+08,-4.66996,-4.30793,-2.60597,-1.51005,-0.94311,-0.12003,-5.61097,-4.88682,-2.85432,-1.55441,-0.85691
1.96E+08,-4.63535,-4.27557,-2.58372,-1.49867,-0.93509,-0.12058,-5.57394,-4.84515,-2.82994,-1.54336,-0.85012
1.98E+08,-4.59869,-4.24212,-2.56395,-1.48909,-0.92904,-0.12059,-5.53581,-4.81424,-2.81667,-1.53902,-0.84983
1.99E+08,-4.56705,-4.21505,-2.55025,-1.48095,-0.92749,-0.12149,-5.49633,-4.77736,-2.79528,-1.52458,-0.84074
2.01E+08,-4.53967,-4.18887,-2.52937,-1.47278,-0.92141,-0.12552,-5.44525,-4.73747,-2.76803,-1.51064,-0.83126
2.02E+08,-4.49532,-4.13747,-2.49791,-1.45264,-0.90501,-0.11346,-5.41014,-4.70234,-2.74915,-1.49836,-0.82789
2.03E+08,-4.4712,-4.12706,-2.49351,-1.45684,-0.91184,-0.12771,-5.37057,-4.66756,-2.72869,-1.49123,-0.82751
2.05E+08,-4.44096,-4.09684,-2.47857,-1.44777,-0.91168,-0.12927,-5.32829,-4.63182,-2.70302,-1.47352,-0.81642
2.06E+08,-4.40222,-4.06336,-2.45473,-1.43211,-0.89815,-0.12574,-5.29388,-4.59777,-2.68692,-1.46714,-0.81305
2.08E+08,-4.35592,-4.0205,-2.42423,-1.41202,-0.88047,-0.11405,-5.2583,-4.56768,-2.6687,-1.45889,-0.81055
2.09E+08,-4.34205,-4.00724,-2.41982,-1.41747,-0.8893,-0.13101,-5.21402,-4.53199,-2.64494,-1.4466,-0.80227
2.10E+08,-4.31494,-3.97877,-2.40536,-1.40721,-0.88633,-0.13548,-5.18959,-4.50759,-2.63838,-1.44784,-0.80712
2.12E+08,-4.28233,-3.94976,-2.38831,-1.39769,-0.87833,-0.13444,-5.15137,-4.46803,-2.61807,-1.433,-0.80261
2.13E+08,-4.2457,-3.91746,-2.36133,-1.37974,-0.86527,-0.12387,-5.11818,-4.44299,-2.60135,-1.42884,-0.79883
2.15E+08,-4.2171,-3.89745,-2.35042,-1.37883,-0.86925,-0.13303,-5.07602,-4.40573,-2.58305,-1.41749,-0.79469
2.16E+08,-4.19121,-3.86373,-2.33166,-1.3656,-0.86255,-0.13273,-5.04697,-4.38042,-2.5669,-1.40907,-0.79109
2.17E+08,-4.15604,-3.83206,-2.31147,-1.35399,-0.85302,-0.13265,-5.00336,-4.34796,-2.54076,-1.3948,-0.78284
2.19E+08,-4.13285,-3.81204,-2.30155,-1.3535,-0.85069,-0.13783,-4.97808,-4.31648,-2.52915,-1.38926,-0.78287
2.20E+08,-4.10026,-3.78771,-2.28473,-1.34041,-0.8458,-0.13796,-4.94014,-4.28904,-2.51032,-1.37879,-0.77569
2.22E+08,-4.06734,-3.75507,-2.26992,-1.33218,-0.84093,-0.13978,-4.90708,-4.26122,-2.49252,-1.37116,-0.77119
2.23E+08,-4.05373,-3.73875,-2.26338,-1.33076,-0.85018,-0.15467,-4.88006,-4.23742,-2.47842,-1.36857,-0.7766
2.24E+08,-4.0192,-3.70343,-2.23512,-1.3125,-0.83288,-0.14153,-4.84333,-4.20845,-2.45947,-1.36013,-0.76665
2.26E+08,-3.99526,-3.6821,-2.22876,-1.31247,-0.83553,-0.14975,-4.80414,-4.17134,-2.43618,-1.34007,-0.76131
2.27E+08,-3.97728,-3.66591,-2.21265,-1.30448,-0.83606,-0.1565,-4.77987,-4.14465,-2.43426,-1.34425,-0.76382
2.29E+08,-3.95418,-3.64359,-2.20923,-1.30698,-0.83758,-0.16477,-4.75548,-4.12082,-2.41899,-1.33929,-0.76517
2.30E+08,-3.91824,-3.60914,-2.19022,-1.29032,-0.82934,-0.16183,-4.71215,-4.08284,-2.39008,-1.32661,-0.75532
2.31E+08,-3.9013,-3.59968,-2.18153,-1.2964,-0.82978,-0.17182,-4.6802,-4.05847,-2.38263,-1.31747,-0.75451
2.33E+08,-3.87651,-3.56938,-2.16085,-1.28385,-0.82729,-0.17162,-4.66854,-4.03418,-2.37652,-1.31785,-0.76223
2.34E+08,-3.85577,-3.54902,-2.14919,-1.27852,-0.82363,-0.17372,-4.62378,-4.00593,-2.35443,-1.3086,-0.75819
2.36E+08,-3.81927,-3.52491,-2.13063,-1.265,-0.81538,-0.17156,-4.58622,-3.97781,-2.32704,-1.2913,-0.74278
2.37E+08,-3.79206,-3.50461,-2.12018,-1.26109,-0.81473,-0.17584,-4.55465,-3.9422,-2.31676,-1.2863,-0.74094
2.38E+08,-3.78069,-3.48572,-2.118,-1.27074,-0.82178,-0.19175,-4.54537,-3.93632,-2.31941,-1.30184,-0.75615
2.40E+08,-3.75504,-3.45937,-2.1043,-1.25468,-0.80901,-0.18698,-4.51028,-3.90611,-2.29203,-1.2808,-0.74456
2.41E+08,-3.73369,-3.43944,-2.0877,-1.24959,-0.80933,-0.19173,-4.47708,-3.87875,-2.28123,-1.2753,-0.74235
2.43E+08,-3.70123,-3.41328,-2.0649,-1.2308,-0.79457,-0.18375,-4.44488,-3.85483,-2.2649,-1.27294,-0.74676
2.44E+08,-3.68557,-3.39442,-2.06235,-1.23344,-0.80061,-0.19008,-4.4299,-3.83814,-2.26493,-1.27571,-0.74368
2.45E+08,-3.65897,-3.37978,-2.04854,-1.23118,-0.80058,-0.19924,-4.40326,-3.82106,-2.25301,-1.26716,-0.75078
2.47E+08,-3.64657,-3.35916,-2.04403,-1.23197,-0.8083,-0.20533,-4.36046,-3.78143,-2.23098,-1.25334,-0.73709
2.48E+08,-3.61084,-3.32855,-2.0251,-1.21943,-0.79142,-0.19976,-4.34245,-3.76467,-2.22049,-1.25415,-0.73539
2.50E+08,-3.59942,-3.31503,-2.02318,-1.21486,-0.79492,-0.21045,-4.32729,-3.7454,-2.21829,-1.26007,-0.75094
2.51E+08,-3.57319,-3.29644,-2.01131,-1.21231,-0.79059,-0.20956,-4.29255,-3.72181,-2.20227,-1.24823,-0.74043
2.52E+08,-3.5507,-3.27181,-1.99325,-1.20664,-0.78712,-0.20951,-4.2751,-3.70917,-2.19646,-1.2443,-0.74384
2.54E+08,-3.52585,-3.25063,-1.98195,-1.19953,-0.78551,-0.20991,-4.25033,-3.68827,-2.18449,-1.23945,-0.74701
2.55E+08,-3.51125,-3.24366,-1.98116,-1.20316,-0.79361,-0.22153,-4.22226,-3.66157,-2.16837,-1.23578,-0.74274
2.57E+08,-3.48348,-3.21523,-1.96856,-1.1876,-0.78383,-0.21668,-4.19848,-3.64251,-2.16025,-1.22841,-0.73946
2.58E+08,-3.46118,-3.19869,-1.95211,-1.17671,-0.77036,-0.21227,-4.18502,-3.62274,-2.15355,-1.22583,-0.73685
2.59E+08,-3.43282,-3.17467,-1.93432,-1.16962,-0.76611,-0.20756,-4.15365,-3.59286,-2.13088,-1.21297,-0.72685
2.61E+08,-3.41751,-3.15998,-1.93162,-1.17434,-0.77562,-0.22075,-4.12946,-3.57343,-2.12128,-1.20638,-0.72554
2.62E+08,-3.39945,-3.14083,-1.9179,-1.16472,-0.76499,-0.22006,-4.099,-3.55013,-2.10327,-1.19699,-0.71609
2.64E+08,-3.37764,-3.11912,-1.90353,-1.15186,-0.76256,-0.21229,-4.0687,-3.52533,-2.0866,-1.18953,-0.7098
2.65E+08,-3.36301,-3.10877,-1.89931,-1.15611,-0.76575,-0.22539,-4.04689,-3.50472,-2.07305,-1.18019,-0.709
2.66E+08,-3.33653,-3.08209,-1.88475,-1.14661,-0.75756,-0.21974,-4.02008,-3.4836,-2.05633,-1.16874,-0.70221
2.68E+08,-3.30682,-3.05483,-1.85893,-1.12773,-0.74185,-0.21095,-3.98712,-3.44772,-2.03353,-1.15278,-0.69001
2.69E+08,-3.27986,-3.03311,-1.84884,-1.12293,-0.74165,-0.20369,-3.96414,-3.42648,-2.02411,-1.14565,-0.68724
2.71E+08,-3.26601,-3.01379,-1.83705,-1.11872,-0.7383,-0.20632,-3.94059,-3.40395,-2.01772,-1.15208,-0.68723
2.72E+08,-3.24605,-3.00066,-1.83231,-1.11839,-0.74214,-0.22058,-3.91266,-3.38563,-2.00003,-1.13809,-0.68168
2.73E+08,-3.23604,-2.99013,-1.8217,-1.11702,-0.74535,-0.22291,-3.89742,-3.36782,-1.99415,-1.13677,-0.68543
2.75E+08,-3.2056,-2.95559,-1.796,-1.09923,-0.72825,-0.20722,-3.86279,-3.33934,-1.97586,-1.12156,-0.67362
2.76E+08,-3.20091,-2.95073,-1.79563,-1.10617,-0.74283,-0.21989,-3.83548,-3.31553,-1.96012,-1.11215,-0.66612
2.78E+08,-3.19044,-2.93328,-1.78437,-1.10832,-0.73844,-0.2218,-3.8161,-3.29569,-1.95566,-1.10885,-0.66833
2.79E+08,-3.17479,-2.92211,-1.77703,-1.10693,-0.74524,-0.22452,-3.79477,-3.27668,-1.94069,-1.10203,-0.66423
2.80E+08,-3.1571,-2.9084,-1.76455,-1.10362,-0.73803,-0.22558,-3.77967,-3.26531,-1.93999,-1.11123,-0.67202
2.82E+08,-3.1493,-2.89908,-1.75479,-1.10685,-0.74478,-0.22956,-3.75345,-3.23954,-1.92405,-1.09861,-0.66554
2.83E+08,-3.13671,-2.88768,-1.74689,-1.09893,-0.74655,-0.23073,-3.73135,-3.22094,-1.91374,-1.09268,-0.66197
2.85E+08,-3.12339,-2.87726,-1.73613,-1.09927,-0.73861,-0.23342,-3.71026,-3.2063,-1.90315,-1.08716,-0.66052
2.86E+08,-3.12099,-2.87291,-1.7373,-1.10796,-0.75215,-0.24392,-3.68616,-3.18317,-1.89006,-1.07919,-0.65759
2.87E+08,-3.09634,-2.85204,-1.72247,-1.09578,-0.74086,-0.24219,-3.67541,-3.1692,-1.88428,-1.08161,-0.66118
2.89E+08,-3.08131,-2.84554,-1.71982,-1.09227,-0.74492,-0.24198,-3.65585,-3.15854,-1.88051,-1.07916,-0.66536
2.90E+08,-3.06373,-2.83317,-1.71854,-1.08946,-0.74227,-0.24258,-3.63344,-3.14164,-1.87304,-1.07697,-0.66663
2.92E+08,-3.04295,-2.81402,-1.70495,-1.07924,-0.72897,-0.23447,-3.61809,-3.12861,-1.86769,-1.07653,-0.6689
2.93E+08,-3.02921,-2.80613,-1.71154,-1.07691,-0.7315,-0.23918,-3.60135,-3.11496,-1.86135,-1.07538,-0.67349
2.94E+08,-3.01496,-2.78355,-1.70785,-1.06718,-0.72389,-0.24042,-3.59088,-3.10154,-1.85576,-1.07836,-0.67668
2.96E+08,-3.0004,-2.77049,-1.69875,-1.05963,-0.7228,-0.23796,-3.57719,-3.08871,-1.8466,-1.07343,-0.67558
2.97E+08,-2.9794,-2.75526,-1.69267,-1.05251,-0.71398,-0.23297,-3.55949,-3.08171,-1.83919,-1.06933,-0.67549
2.99E+08,-2.96557,-2.74159,-1.68694,-1.04446,-0.71212,-0.23306,-3.56038,-3.07869,-1.84562,-1.08178,-0.68961
3.00E+08,-2.95178,-2.72553,-1.68289,-1.0388,-0.71117,-0.23584,-3.53252,-3.05135,-1.82449,-1.06377,-0.67295
