Frecuencia,Glifo Poli Ag D 0.1v2,Glifo Poli Ag D 0.08v2,Glifo Poli Ag D 0.04v2,Glifo Poli Ag D 0.02v2,Glifo Poli Ag D 0.01v2,Poli Ag D Agua V2,KCl Poli Ag D 0.1v2,KCl Poli Ag D 0.08v2,KCl Poli Ag D 0.04v2,KCl Poli Ag D 0.02v2,KCl Poli Ag D 0.01v2
300000,-12.89315,-12.0146,-5.97928,-3.03886,-1.55245,0.49985,-23.26938,-17.18667,-7.32578,-3.35625,-1.38565
1700110,-13.61609,-12.65465,-6.30817,-3.30696,-1.85888,0.1738,-31.58552,-19.94458,-7.75541,-3.65051,-1.66762
3100220,-13.77256,-12.7448,-6.37285,-3.3744,-1.91953,0.10189,-31.80176,-20.27882,-7.84214,-3.70895,-1.73524
4500330,-13.74865,-12.77049,-6.38177,-3.37529,-1.9651,0.06389,-31.22355,-20.35018,-7.85447,-3.75079,-1.77451
5900440,-13.78471,-12.76089,-6.40277,-3.403,-1.98613,0.04999,-30.80263,-20.17822,-7.84297,-3.76051,-1.79645
7300550,-13.7944,-12.80079,-6.40634,-3.41587,-2.00226,0.03638,-30.05995,-20.22753,-7.88111,-3.76786,-1.78722
8700660,-13.77658,-12.76253,-6.41981,-3.4383,-2.02264,0.01162,-29.31885,-20.07024,-7.87133,-3.77997,-1.82057
10100800,-13.74438,-12.72809,-6.4178,-3.45011,-2.03955,-6.47E-04,-28.66429,-19.96993,-7.86606,-3.79175,-1.83572
11500900,-13.69121,-12.69965,-6.41745,-3.45174,-2.04005,0.00499,-27.78072,-19.82139,-7.85492,-3.7864,-1.8346
12901000,-13.6262,-12.65099,-6.40451,-3.44796,-2.0528,-0.00121,-27.14083,-19.64562,-7.85022,-3.78925,-1.84057
14301100,-13.59471,-12.61743,-6.40226,-3.44773,-2.05393,-0.00236,-26.39417,-19.40953,-7.82484,-3.77968,-1.83263
15701200,-13.52325,-12.57957,-6.40081,-3.45062,-2.05565,0.00579,-25.7414,-19.22967,-7.80678,-3.77632,-1.83393
17101300,-13.46845,-12.5246,-6.37747,-3.45077,-2.05873,-0.00744,-25.13382,-19.06425,-7.79889,-3.78225,-1.84616
18501400,-13.40593,-12.46567,-6.37882,-3.45655,-2.07308,-0.01498,-24.53965,-18.81724,-7.77818,-3.78139,-1.84752
19901500,-13.33485,-12.4229,-6.3663,-3.457,-2.08279,-0.02633,-23.98877,-18.60347,-7.7551,-3.78165,-1.85357
21301700,-13.2517,-12.35929,-6.36455,-3.46345,-2.0859,-0.03251,-23.43554,-18.38939,-7.73387,-3.77985,-1.86099
22701800,-13.16215,-12.2937,-6.34316,-3.45252,-2.08179,-0.02678,-22.96328,-18.20553,-7.72294,-3.78069,-1.86235
24101900,-13.09568,-12.23324,-6.33563,-3.45275,-2.08455,-0.02891,-22.4938,-17.97666,-7.69083,-3.77099,-1.85939
25502000,-13.00946,-12.15608,-6.30848,-3.44579,-2.08094,-0.02841,-22.03542,-17.7597,-7.67211,-3.77092,-1.85992
26902100,-12.91786,-12.09166,-6.30115,-3.447,-2.07993,-0.03468,-21.53908,-17.51213,-7.64258,-3.76294,-1.8581
28302200,-12.84542,-12.04389,-6.29525,-3.44619,-2.08703,-0.04211,-21.14312,-17.28751,-7.61697,-3.75322,-1.86014
29702300,-12.74404,-11.9503,-6.27212,-3.43949,-2.08395,-0.04687,-20.75831,-17.10453,-7.59231,-3.75412,-1.86414
31102400,-12.66542,-11.88631,-6.25626,-3.436,-2.0856,-0.04629,-20.3394,-16.89122,-7.55768,-3.74703,-1.86071
32502500,-12.57939,-11.81174,-6.23755,-3.42997,-2.08713,-0.05075,-19.95831,-16.63524,-7.52393,-3.7356,-1.85527
33902600,-12.48543,-11.72976,-6.2134,-3.42561,-2.08408,-0.05109,-19.58972,-16.42047,-7.48909,-3.72405,-1.84781
35302800,-12.38107,-11.64235,-6.19323,-3.41743,-2.08274,-0.05838,-19.28441,-16.24297,-7.47116,-3.71758,-1.8558
36702900,-12.29227,-11.57973,-6.17687,-3.41257,-2.08087,-0.0625,-18.9305,-16.04417,-7.43053,-3.7062,-1.84769
38103000,-12.19184,-11.48695,-6.15296,-3.40132,-2.07632,-0.06872,-18.62669,-15.82157,-7.39821,-3.69749,-1.84661
39503100,-12.07315,-11.38839,-6.1223,-3.39411,-2.07267,-0.06918,-18.31951,-15.63092,-7.35727,-3.68713,-1.84879
40903200,-11.98788,-11.31726,-6.10726,-3.38605,-2.07096,-0.07067,-18.03543,-15.41243,-7.32906,-3.67529,-1.84514
42303300,-11.89405,-11.247,-6.08593,-3.38197,-2.06972,-0.08258,-17.74238,-15.23557,-7.28822,-3.6654,-1.84382
43703400,-11.79916,-11.17231,-6.06359,-3.37461,-2.07268,-0.08882,-17.46189,-15.02828,-7.25721,-3.65736,-1.84674
45103500,-11.69213,-11.06734,-6.03441,-3.36273,-2.0699,-0.09544,-17.19125,-14.85543,-7.22427,-3.64339,-1.83857
46503600,-11.60331,-10.98598,-6.00973,-3.35213,-2.06466,-0.10167,-16.94068,-14.65525,-7.17489,-3.63061,-1.83389
47903700,-11.48633,-10.88859,-5.97809,-3.341,-2.05754,-0.10335,-16.69177,-14.48156,-7.13889,-3.61852,-1.83446
49303900,-11.38754,-10.7955,-5.94798,-3.32769,-2.04916,-0.10378,-16.45503,-14.29674,-7.09974,-3.6024,-1.83312
50704000,-11.29025,-10.71701,-5.92412,-3.32207,-2.0509,-0.11479,-16.20226,-14.11529,-7.05028,-3.58413,-1.82287
52104100,-11.18623,-10.63145,-5.89969,-3.31102,-2.05117,-0.12188,-15.98838,-13.94116,-7.01051,-3.57326,-1.82392
53504200,-11.08167,-10.5446,-5.86855,-3.29905,-2.04315,-0.12678,-15.7652,-13.78617,-6.973,-3.55837,-1.81886
54904300,-10.98629,-10.4617,-5.83652,-3.28645,-2.0378,-0.12982,-15.56694,-13.61705,-6.93105,-3.5475,-1.81772
56304400,-10.88693,-10.36712,-5.80899,-3.27468,-2.03641,-0.1357,-15.3147,-13.44256,-6.87948,-3.52739,-1.81006
57704500,-10.79294,-10.29231,-5.77643,-3.26372,-2.028,-0.14128,-15.12475,-13.28806,-6.84304,-3.51779,-1.80909
59104600,-10.68246,-10.1903,-5.74208,-3.24321,-2.01694,-0.1436,-14.90242,-13.11895,-6.79287,-3.49552,-1.8025
60504700,-10.58515,-10.11124,-5.71859,-3.2351,-2.01744,-0.15247,-14.73028,-12.96304,-6.74988,-3.47879,-1.79678
61904800,-10.48179,-10.01869,-5.68004,-3.21909,-2.00951,-0.15481,-14.52199,-12.80144,-6.70195,-3.46123,-1.7894
63305000,-10.40035,-9.92986,-5.65388,-3.21131,-2.00902,-0.16789,-14.34738,-12.65839,-6.65681,-3.44579,-1.78669
64705100,-10.2924,-9.84519,-5.61701,-3.19192,-1.99865,-0.16589,-14.17934,-12.51872,-6.61548,-3.4319,-1.78452
66105200,-10.19201,-9.75734,-5.57524,-3.17649,-1.99143,-0.17314,-13.99,-12.36794,-6.55931,-3.40637,-1.77127
67505300,-10.09572,-9.66666,-5.5487,-3.16008,-1.9827,-0.17384,-13.8206,-12.23798,-6.52252,-3.39557,-1.76926
68905400,-10.01099,-9.59435,-5.52185,-3.15192,-1.98195,-0.18752,-13.64774,-12.09012,-6.47706,-3.38132,-1.76856
70305500,-9.91753,-9.50839,-5.48561,-3.13588,-1.97221,-0.1886,-13.48663,-11.95127,-6.43382,-3.36092,-1.76103
71705600,-9.82658,-9.42853,-5.46008,-3.12908,-1.97267,-0.20344,-13.3351,-11.82251,-6.38774,-3.34267,-1.75834
73105700,-9.73609,-9.34477,-5.42289,-3.1095,-1.96379,-0.2048,-13.16575,-11.67798,-6.33749,-3.32581,-1.75448
74505800,-9.63842,-9.25855,-5.38908,-3.09663,-1.95988,-0.20961,-13.02112,-11.56585,-6.29888,-3.30857,-1.74993
75905900,-9.56095,-9.17787,-5.35566,-3.0866,-1.95426,-0.22252,-12.87483,-11.42064,-6.25612,-3.29325,-1.74954
77306100,-9.4761,-9.10765,-5.32577,-3.07462,-1.94916,-0.22844,-12.7205,-11.30792,-6.20687,-3.27703,-1.74281
78706200,-9.37587,-9.02265,-5.28953,-3.0532,-1.93932,-0.23238,-12.55793,-11.17487,-6.16017,-3.2545,-1.73665
80106300,-9.28366,-8.92693,-5.25001,-3.03807,-1.93057,-0.23333,-12.41471,-11.06055,-6.12282,-3.24167,-1.73524
81506400,-9.21166,-8.86741,-5.22369,-3.02489,-1.93436,-0.24466,-12.29276,-10.9409,-6.08205,-3.23138,-1.73476
82906500,-9.11743,-8.78184,-5.18599,-3.01351,-1.92345,-0.25586,-12.15097,-10.83421,-6.03385,-3.21768,-1.73851
84306600,-9.03315,-8.70052,-5.15229,-2.99237,-1.92262,-0.25967,-12.01191,-10.71483,-5.9915,-3.19787,-1.72799
85706700,-8.94699,-8.61742,-5.12208,-2.98026,-1.91002,-0.26422,-11.87796,-10.59133,-5.9512,-3.17596,-1.72442
87106800,-8.87446,-8.55247,-5.10192,-2.97874,-1.91803,-0.28215,-11.7704,-10.48789,-5.9077,-3.17103,-1.72848
88506900,-8.79665,-8.47607,-5.07447,-2.96747,-1.91929,-0.29281,-11.63232,-10.38464,-5.86388,-3.15369,-1.72999
89907000,-8.72501,-8.40678,-5.0428,-2.94666,-1.92198,-0.29703,-11.52019,-10.2825,-5.82444,-3.13651,-1.72326
91307200,-8.64412,-8.33243,-5.02044,-2.95014,-1.92176,-0.31927,-11.38263,-10.15872,-5.77975,-3.13051,-1.73431
92707300,-8.56265,-8.25961,-5.00079,-2.9441,-1.91686,-0.33317,-11.25166,-10.05457,-5.74394,-3.12301,-1.73951
94107400,-8.49461,-8.2113,-4.97764,-2.93834,-1.92792,-0.35826,-11.14667,-9.96725,-5.72112,-3.13013,-1.76605
95507500,-8.46268,-8.17401,-4.99039,-2.96507,-1.9527,-0.4055,-11.00788,-9.86762,-5.69146,-3.12889,-1.78263
96907600,-8.42927,-8.15712,-4.97587,-2.98193,-1.97442,-0.44995,-10.91616,-9.80256,-5.69014,-3.15746,-1.83148
98307700,-8.35586,-8.08309,-4.93136,-2.95433,-1.95424,-0.43539,-10.86723,-9.77253,-5.72348,-3.21265,-1.90294
99707800,-8.28763,-8.02083,-4.90991,-2.95265,-1.95567,-0.4549,-10.86059,-9.76317,-5.75148,-3.24963,-1.94497
101108000,-8.23659,-7.98897,-4.89662,-2.97416,-1.97014,-0.4932,-10.84644,-9.73729,-5.73211,-3.22773,-1.91991
102508000,-8.19543,-7.97797,-4.87801,-2.98405,-1.98809,-0.5185,-10.78094,-9.66142,-5.6544,-3.16127,-1.85149
103908000,-8.13055,-7.91993,-4.84141,-2.94714,-1.96489,-0.4936,-10.66563,-9.55292,-5.58282,-3.098,-1.80146
105308000,-8.05711,-7.84331,-4.78231,-2.90787,-1.92866,-0.45691,-10.55393,-9.43754,-5.50065,-3.05532,-1.76187
106708000,-7.96636,-7.75017,-4.74561,-2.8601,-1.90233,-0.44191,-10.43715,-9.3259,-5.44489,-3.00896,-1.73645
108108000,-7.88516,-7.65841,-4.6916,-2.82725,-1.88107,-0.42817,-10.31935,-9.22495,-5.37985,-2.97263,-1.71097
109509000,-7.80469,-7.57859,-4.64973,-2.79927,-1.864,-0.42342,-10.20317,-9.12276,-5.3217,-2.94417,-1.69392
110909000,-7.72186,-7.50029,-4.60808,-2.77933,-1.84535,-0.41159,-10.10165,-9.02742,-5.27664,-2.91686,-1.68212
112309000,-7.6526,-7.43678,-4.5703,-2.75388,-1.83343,-0.41385,-9.99981,-8.93919,-5.22742,-2.89702,-1.66823
113709000,-7.58038,-7.35779,-4.52893,-2.73541,-1.82092,-0.41292,-9.91559,-8.84317,-5.17892,-2.86962,-1.65619
115109000,-7.5098,-7.29068,-4.49605,-2.72087,-1.81568,-0.42102,-9.80165,-8.75617,-5.13096,-2.85032,-1.64551
116509000,-7.43834,-7.23257,-4.46207,-2.70296,-1.80949,-0.42022,-9.70394,-8.66456,-5.08614,-2.82555,-1.63505
117909000,-7.37766,-7.16933,-4.42786,-2.68184,-1.80153,-0.42789,-9.61909,-8.58345,-5.04643,-2.81136,-1.63259
119309000,-7.31159,-7.10482,-4.39758,-2.66931,-1.79241,-0.42812,-9.52431,-8.49187,-5.00391,-2.78719,-1.61651
120709000,-7.25073,-7.03113,-4.35885,-2.64602,-1.77755,-0.42778,-9.44717,-8.42741,-4.96343,-2.77579,-1.61415
122110000,-7.18016,-6.97852,-4.33027,-2.63027,-1.77262,-0.43446,-9.35962,-8.34633,-4.92094,-2.75515,-1.60812
123510000,-7.12294,-6.9169,-4.30113,-2.61808,-1.76271,-0.43809,-9.27528,-8.2714,-4.88692,-2.7396,-1.60406
124910000,-7.04638,-6.85369,-4.26752,-2.59467,-1.75307,-0.43144,-9.19059,-8.19399,-4.84468,-2.72228,-1.59901
126310000,-6.9931,-6.80979,-4.23838,-2.5851,-1.74792,-0.44039,-9.10021,-8.12147,-4.80788,-2.70553,-1.59312
127710000,-6.93415,-6.73256,-4.19783,-2.56784,-1.73333,-0.43825,-9.01364,-8.03275,-4.76191,-2.67888,-1.57825
129110000,-6.87193,-6.68216,-4.17155,-2.55159,-1.72616,-0.44433,-8.93789,-7.96341,-4.72792,-2.6602,-1.56852
130510000,-6.81802,-6.63326,-4.1485,-2.547,-1.72472,-0.45368,-8.85623,-7.90383,-4.69192,-2.64554,-1.57468
131910000,-6.77283,-6.58158,-4.1268,-2.53695,-1.7245,-0.46677,-8.7703,-7.81757,-4.64312,-2.61902,-1.55618
133310000,-6.7002,-6.51679,-4.08216,-2.50419,-1.70605,-0.45377,-8.70665,-7.7591,-4.62035,-2.6214,-1.56105
134711000,-6.64496,-6.46471,-4.05517,-2.49482,-1.69676,-0.4593,-8.62486,-7.69014,-4.58209,-2.59788,-1.54939
136111000,-6.59044,-6.41843,-4.03364,-2.48662,-1.69758,-0.47136,-8.56301,-7.61889,-4.54113,-2.5813,-1.54545
137511000,-6.53165,-6.36252,-3.99665,-2.46496,-1.68237,-0.46302,-8.49222,-7.56612,-4.51998,-2.56756,-1.54611
138911000,-6.48281,-6.31088,-3.97393,-2.45178,-1.68053,-0.4712,-8.4187,-7.49384,-4.47675,-2.55489,-1.53814
140311000,-6.43727,-6.26383,-3.94538,-2.44078,-1.67489,-0.47504,-8.35332,-7.42548,-4.45152,-2.53719,-1.52845
141711000,-6.37402,-6.20582,-3.91233,-2.42132,-1.66025,-0.4716,-8.27775,-7.36959,-4.40622,-2.51701,-1.52172
143111000,-6.33653,-6.16528,-3.89507,-2.41635,-1.66477,-0.48572,-8.21978,-7.30905,-4.37858,-2.5064,-1.51914
144511000,-6.28869,-6.11521,-3.86902,-2.40952,-1.66165,-0.48921,-8.15027,-7.25161,-4.35264,-2.49584,-1.51899
145911000,-6.23871,-6.06518,-3.83751,-2.39216,-1.65153,-0.49147,-8.08756,-7.20094,-4.31836,-2.48088,-1.51365
147312000,-6.18776,-6.02382,-3.81612,-2.38194,-1.65153,-0.49997,-8.01404,-7.13124,-4.28075,-2.46222,-1.50264
148712000,-6.14109,-5.98356,-3.79337,-2.37247,-1.64909,-0.50554,-7.95927,-7.07873,-4.24965,-2.45038,-1.50247
150112000,-6.09781,-5.9384,-3.76768,-2.36066,-1.64087,-0.51004,-7.89324,-7.0162,-4.21801,-2.43169,-1.49398
151512000,-6.0404,-5.88389,-3.73907,-2.34154,-1.62782,-0.50388,-7.83344,-6.96166,-4.19677,-2.42857,-1.49623
152912000,-6.00942,-5.84333,-3.71911,-2.33654,-1.62648,-0.51461,-7.77489,-6.90661,-4.16183,-2.41006,-1.48602
154312000,-5.96458,-5.80828,-3.69213,-2.32614,-1.62652,-0.52208,-7.71452,-6.85416,-4.13647,-2.40142,-1.48732
155712000,-5.92037,-5.76424,-3.67338,-2.31798,-1.62551,-0.52806,-7.65318,-6.80516,-4.1082,-2.38964,-1.48412
157112000,-5.86845,-5.71551,-3.64882,-2.30333,-1.61123,-0.52872,-7.59312,-6.74163,-4.07443,-2.37206,-1.47745
158512000,-5.83606,-5.68176,-3.63121,-2.29785,-1.61163,-0.54016,-7.54669,-6.6993,-4.05364,-2.36299,-1.47865
159913000,-5.78416,-5.63815,-3.60498,-2.28295,-1.60711,-0.5406,-7.48297,-6.64377,-4.02032,-2.34951,-1.47274
161313000,-5.73918,-5.59432,-3.57864,-2.27212,-1.59759,-0.54001,-7.43003,-6.59273,-3.99695,-2.33838,-1.47329
162713000,-5.70932,-5.56518,-3.57167,-2.27293,-1.60501,-0.56042,-7.38217,-6.55033,-3.97659,-2.33576,-1.47672
164113000,-5.66433,-5.52321,-3.54217,-2.25689,-1.59724,-0.55751,-7.31419,-6.49645,-3.93845,-2.31507,-1.46356
165513000,-5.62505,-5.47625,-3.5175,-2.24163,-1.58584,-0.55805,-7.27111,-6.45435,-3.92452,-2.31562,-1.47136
166913000,-5.58448,-5.44528,-3.50184,-2.24019,-1.59127,-0.5715,-7.21139,-6.40156,-3.89394,-2.29597,-1.46477
168313000,-5.5432,-5.40349,-3.479,-2.22662,-1.58517,-0.57157,-7.16063,-6.35484,-3.87001,-2.28864,-1.46194
169713000,-5.51024,-5.37109,-3.46584,-2.22517,-1.5904,-0.585,-7.10558,-6.30353,-3.84512,-2.27256,-1.45995
171113000,-5.46612,-5.32821,-3.44245,-2.2113,-1.58008,-0.58313,-7.06096,-6.26735,-3.82726,-2.27379,-1.46653
172514000,-5.42636,-5.29072,-3.41947,-2.20048,-1.57471,-0.58523,-7.01802,-6.22625,-3.80002,-2.26426,-1.46402
173914000,-5.39391,-5.26418,-3.40518,-2.19931,-1.57943,-0.6007,-6.95932,-6.17325,-3.77541,-2.24937,-1.45682
175314000,-5.35543,-5.22695,-3.38258,-2.18528,-1.56954,-0.5994,-6.90995,-6.13109,-3.7477,-2.2403,-1.45667
176714000,-5.31812,-5.18999,-3.36009,-2.17487,-1.56542,-0.60357,-6.86077,-6.0837,-3.71859,-2.22245,-1.44539
178114000,-5.2787,-5.14922,-3.34212,-2.16609,-1.56295,-0.60636,-6.8104,-6.04064,-3.69558,-2.21411,-1.44453
179514000,-5.24527,-5.11805,-3.32718,-2.16137,-1.5627,-0.61247,-6.76281,-5.99987,-3.67619,-2.20738,-1.44509
180914000,-5.2064,-5.08337,-3.30253,-2.15062,-1.5572,-0.61663,-6.71649,-5.95388,-3.65216,-2.19662,-1.44289
182314000,-5.17262,-5.04512,-3.28294,-2.13876,-1.55198,-0.61906,-6.67371,-5.91413,-3.63487,-2.18853,-1.44274
183714000,-5.14423,-5.01747,-3.26924,-2.13168,-1.55401,-0.62841,-6.62689,-5.8736,-3.60918,-2.17689,-1.44074
185115000,-5.10044,-4.98191,-3.24791,-2.1246,-1.54588,-0.62724,-6.57884,-5.83381,-3.58843,-2.16989,-1.43872
186515000,-5.06758,-4.94542,-3.22761,-2.11666,-1.54289,-0.63186,-6.53296,-5.7899,-3.56068,-2.15678,-1.43051
187915000,-5.04201,-4.91411,-3.21398,-2.11024,-1.54415,-0.64155,-6.48143,-5.74283,-3.53295,-2.13858,-1.42289
189315000,-5.00682,-4.88708,-3.19743,-2.10431,-1.5435,-0.64646,-6.44762,-5.71098,-3.51731,-2.14083,-1.42825
190715000,-4.96993,-4.85126,-3.17915,-2.09378,-1.53512,-0.64747,-6.39669,-5.66769,-3.49113,-2.12135,-1.41973
192115000,-4.94941,-4.82731,-3.16758,-2.09311,-1.54452,-0.65941,-6.36426,-5.62829,-3.46909,-2.11603,-1.42014
193515000,-4.9159,-4.79352,-3.14861,-2.08136,-1.53292,-0.66038,-6.30975,-5.58186,-3.44305,-2.09843,-1.41084
194915000,-4.87968,-4.76157,-3.12646,-2.07079,-1.52752,-0.65797,-6.27531,-5.5557,-3.43286,-2.10066,-1.41623
196315000,-4.84733,-4.73153,-3.10955,-2.06424,-1.5248,-0.66394,-6.2367,-5.51812,-3.41206,-2.0894,-1.41707
197716000,-4.81409,-4.69925,-3.09331,-2.0523,-1.52132,-0.6676,-6.19301,-5.48403,-3.39177,-2.08338,-1.4147
199116000,-4.78538,-4.67621,-3.07571,-2.04803,-1.52185,-0.67275,-6.15191,-5.44074,-3.36917,-2.07085,-1.4106
200516000,-4.75762,-4.64171,-3.06498,-2.04108,-1.52176,-0.67917,-6.10933,-5.40666,-3.34794,-2.06285,-1.40334
201916000,-4.71472,-4.60191,-3.035,-2.02618,-1.50574,-0.66876,-6.06239,-5.36384,-3.32285,-2.04743,-1.39904
203316000,-4.6966,-4.591,-3.03407,-2.03099,-1.51722,-0.68736,-6.03393,-5.33371,-3.3124,-2.04927,-1.40409
204716000,-4.66931,-4.55928,-3.01788,-2.0242,-1.51673,-0.6937,-5.99497,-5.29385,-3.28352,-2.03338,-1.39603
206116000,-4.63366,-4.52975,-3.0013,-2.01739,-1.50732,-0.69351,-5.95328,-5.26848,-3.2761,-2.0316,-1.39908
207516000,-4.59973,-4.49205,-2.97523,-1.9953,-1.49516,-0.68329,-5.92366,-5.2403,-3.26052,-2.02735,-1.40386
208916000,-4.58036,-4.47332,-2.97293,-2.00303,-1.50581,-0.70259,-5.87376,-5.19485,-3.23133,-2.0117,-1.39214
210317000,-4.55439,-4.45648,-2.96251,-1.99974,-1.51046,-0.7118,-5.8457,-5.16698,-3.2188,-2.00875,-1.39488
211717000,-4.52656,-4.42505,-2.94806,-1.99266,-1.50631,-0.71046,-5.81543,-5.13565,-3.20192,-2.00755,-1.39492
213117000,-4.49238,-4.39736,-2.92357,-1.97958,-1.49371,-0.70721,-5.76371,-5.09551,-3.17461,-1.98325,-1.38176
214517000,-4.47425,-4.37342,-2.91407,-1.9781,-1.499,-0.71818,-5.73731,-5.07673,-3.16741,-1.99061,-1.39621
215917000,-4.44187,-4.34551,-2.8982,-1.97013,-1.49852,-0.71891,-5.70664,-5.04434,-3.14952,-1.98161,-1.3921
217317000,-4.41566,-4.31723,-2.88221,-1.96211,-1.48931,-0.72099,-5.67443,-5.01014,-3.13266,-1.97159,-1.38937
218717000,-4.3896,-4.29409,-2.86616,-1.96179,-1.49348,-0.72786,-5.63836,-4.98159,-3.1218,-1.97024,-1.38933
220117000,-4.36971,-4.27102,-2.85415,-1.9506,-1.48682,-0.73109,-5.59684,-4.94315,-3.09981,-1.95866,-1.38337
221517000,-4.34454,-4.24461,-2.84579,-1.94946,-1.4879,-0.72967,-5.57325,-4.92455,-3.08911,-1.96122,-1.39288
222917000,-4.32514,-4.23083,-2.8447,-1.94974,-1.49631,-0.74467,-5.53359,-4.88792,-3.06001,-1.94447,-1.38346
224318000,-4.29177,-4.19784,-2.81589,-1.93439,-1.48497,-0.73686,-5.50702,-4.86094,-3.05142,-1.94472,-1.38678
225718000,-4.27026,-4.17482,-2.80952,-1.93346,-1.49315,-0.75132,-5.47117,-4.83627,-3.04433,-1.94585,-1.39045
227118000,-4.25294,-4.15485,-2.80174,-1.93183,-1.49196,-0.75833,-5.43806,-4.80194,-3.01809,-1.9294,-1.38027
228518000,-4.23054,-4.14481,-2.79555,-1.93277,-1.49305,-0.76636,-5.40695,-4.77695,-3.01722,-1.93149,-1.39289
229918000,-4.20525,-4.11318,-2.78124,-1.92456,-1.48823,-0.7675,-5.38465,-4.75075,-2.99801,-1.92655,-1.39115
231318000,-4.19188,-4.10064,-2.77634,-1.92344,-1.49528,-0.77926,-5.34812,-4.72563,-2.99092,-1.92338,-1.3955
232718000,-4.15948,-4.07205,-2.75669,-1.91927,-1.48995,-0.77889,-5.31691,-4.69257,-2.97167,-1.91067,-1.39069
234118000,-4.14405,-4.05691,-2.75336,-1.91398,-1.49133,-0.78262,-5.29726,-4.67714,-2.96273,-1.91584,-1.3963
235518000,-4.11463,-4.02163,-2.73478,-1.90985,-1.49029,-0.78464,-5.26078,-4.64882,-2.94921,-1.90622,-1.39769
236919000,-4.09432,-4.00586,-2.73055,-1.90769,-1.49059,-0.79638,-5.23724,-4.6314,-2.94369,-1.90968,-1.40213
238319000,-4.08163,-3.99829,-2.72606,-1.90834,-1.49876,-0.80809,-5.20729,-4.60047,-2.91709,-1.89871,-1.39415
239719000,-4.05588,-3.97594,-2.7074,-1.9024,-1.49137,-0.80779,-5.17945,-4.57896,-2.91905,-1.90328,-1.405
241119000,-4.0383,-3.95194,-2.70177,-1.89628,-1.49742,-0.81223,-5.16091,-4.5512,-2.90635,-1.8983,-1.40421
242519000,-4.00759,-3.93114,-2.68328,-1.88476,-1.48753,-0.81115,-5.11827,-4.53562,-2.89545,-1.89732,-1.40832
243919000,-3.99186,-3.90883,-2.67901,-1.89054,-1.48927,-0.81933,-5.10134,-4.51242,-2.88342,-1.89132,-1.40462
245319000,-3.97582,-3.89429,-2.67269,-1.88474,-1.49508,-0.82916,-5.07019,-4.47742,-2.86181,-1.87996,-1.40755
246719000,-3.96304,-3.87749,-2.66845,-1.8915,-1.4983,-0.8401,-5.04208,-4.45209,-2.85658,-1.88117,-1.4012
248119000,-3.93507,-3.85807,-2.64657,-1.88257,-1.49311,-0.83604,-5.00705,-4.43812,-2.84151,-1.8729,-1.40356
249520000,-3.92663,-3.84254,-2.64679,-1.88803,-1.49561,-0.84587,-4.9863,-4.41682,-2.83149,-1.87433,-1.40015
250920000,-3.90897,-3.82498,-2.63672,-1.88087,-1.49683,-0.84974,-4.95888,-4.38723,-2.81301,-1.86475,-1.39483
252320000,-3.88128,-3.8084,-2.62574,-1.87555,-1.4903,-0.84812,-4.95174,-4.3681,-2.81449,-1.86801,-1.40519
253720000,-3.86573,-3.79752,-2.61949,-1.86869,-1.49557,-0.85364,-4.92046,-4.3599,-2.80932,-1.87713,-1.41315
255120000,-3.85248,-3.78321,-2.6184,-1.87508,-1.49807,-0.86642,-4.88974,-4.32753,-2.78562,-1.85281,-1.39726
256520000,-3.83099,-3.75518,-2.60251,-1.86638,-1.49356,-0.86764,-4.85936,-4.29529,-2.77003,-1.84514,-1.39458
257920000,-3.80995,-3.74076,-2.5931,-1.8628,-1.48579,-0.86898,-4.84909,-4.29529,-2.77348,-1.86159,-1.40956
259320000,-3.78519,-3.72141,-2.57484,-1.85195,-1.48459,-0.86533,-4.81343,-4.25831,-2.74564,-1.83338,-1.3946
260720000,-3.777,-3.70436,-2.58237,-1.8595,-1.49733,-0.87903,-4.79921,-4.24674,-2.74786,-1.84014,-1.40213
262121000,-3.76102,-3.68847,-2.56921,-1.85698,-1.49195,-0.88145,-4.77684,-4.22849,-2.7303,-1.8381,-1.40786
263521000,-3.74382,-3.67238,-2.55993,-1.84696,-1.48659,-0.87698,-4.74636,-4.20136,-2.71612,-1.82529,-1.39255
264921000,-3.7321,-3.65896,-2.55696,-1.85489,-1.49335,-0.89162,-4.71542,-4.16856,-2.69131,-1.81407,-1.39075
266321000,-3.71387,-3.64282,-2.54568,-1.8447,-1.48252,-0.88588,-4.69114,-4.1509,-2.68555,-1.80525,-1.39163
267721000,-3.68305,-3.61039,-2.52613,-1.83087,-1.47407,-0.87626,-4.67478,-4.13357,-2.6793,-1.81135,-1.39539
269121000,-3.65988,-3.59315,-2.5089,-1.82264,-1.46779,-0.87597,-4.64952,-4.10912,-2.6606,-1.80216,-1.38971
270521000,-3.64516,-3.5761,-2.50145,-1.82209,-1.47356,-0.88334,-4.62249,-4.08722,-2.65488,-1.79739,-1.3869
271921000,-3.6331,-3.56329,-2.49728,-1.82225,-1.47774,-0.89229,-4.59314,-4.06912,-2.64166,-1.7919,-1.39537
273321000,-3.61954,-3.55109,-2.48995,-1.81695,-1.47519,-0.89719,-4.57348,-4.04963,-2.63493,-1.78864,-1.3916
274722000,-3.5911,-3.52112,-2.46966,-1.80384,-1.46304,-0.88272,-4.55053,-4.02361,-2.61445,-1.78081,-1.38475
276122000,-3.58411,-3.5159,-2.47376,-1.81046,-1.47231,-0.89862,-4.5241,-4.00198,-2.60692,-1.77575,-1.3886
277522000,-3.56038,-3.501,-2.464,-1.80828,-1.47326,-0.90365,-4.50993,-3.99027,-2.59649,-1.77362,-1.3968
278922000,-3.55193,-3.48365,-2.45825,-1.79829,-1.47373,-0.90576,-4.47624,-3.96161,-2.58182,-1.76683,-1.39349
280322000,-3.53029,-3.46527,-2.44791,-1.79396,-1.47593,-0.90839,-4.45389,-3.94266,-2.57365,-1.76184,-1.39266
281722000,-3.52335,-3.45323,-2.44105,-1.79171,-1.47753,-0.91523,-4.44278,-3.927,-2.56544,-1.76293,-1.39792
283122000,-3.50434,-3.43709,-2.43285,-1.79039,-1.47738,-0.91786,-4.41495,-3.90981,-2.55855,-1.75808,-1.39908
284522000,-3.49181,-3.42658,-2.42812,-1.78917,-1.4806,-0.92656,-4.40291,-3.8883,-2.55084,-1.75986,-1.40202
285922000,-3.48996,-3.42332,-2.43058,-1.79777,-1.49516,-0.94135,-4.37815,-3.87606,-2.54228,-1.75287,-1.40262
287323000,-3.47402,-3.40294,-2.42153,-1.79175,-1.48791,-0.94276,-4.35966,-3.85563,-2.53188,-1.74899,-1.40065
288723000,-3.47038,-3.40219,-2.42058,-1.79685,-1.50156,-0.95022,-4.34373,-3.8437,-2.53017,-1.75545,-1.41226
290123000,-3.46419,-3.39693,-2.41652,-1.80145,-1.50278,-0.95531,-4.3197,-3.82415,-2.51133,-1.74357,-1.39868
291523000,-3.4495,-3.38543,-2.40969,-1.79654,-1.49742,-0.95304,-4.31193,-3.81782,-2.51533,-1.75759,-1.40894
292923000,-3.44365,-3.38499,-2.41271,-1.8006,-1.50221,-0.96421,-4.29044,-3.79945,-2.50678,-1.74817,-1.40572
294323000,-3.43692,-3.37353,-2.40507,-1.8037,-1.50164,-0.96332,-4.2793,-3.79349,-2.50542,-1.75567,-1.4112
295723000,-3.42663,-3.36578,-2.40267,-1.80682,-1.50201,-0.96494,-4.26548,-3.78492,-2.50315,-1.75896,-1.41255
297123000,-3.41515,-3.35355,-2.39565,-1.80135,-1.49987,-0.96478,-4.25753,-3.77602,-2.50099,-1.76084,-1.41641
298523000,-3.40555,-3.34801,-2.39022,-1.8009,-1.49727,-0.96665,-4.23797,-3.76706,-2.49449,-1.76015,-1.4128
299924000,-3.39237,-3.33467,-2.38496,-1.79881,-1.50043,-0.96658,-4.2198,-3.74248,-2.477,-1.74664,-1.40459
